video_game,group,count
minecraft,0,5492
fortnite,0,2698
league of legends,1,1612
roblox,0,1492
call of duty,1,1085
dota 2,1,1037
overwatch,1,709
destiny,1,569
grand theft auto,0,483
assassins creed,1,474
world of warcraft,1,466
control,1,461
clash of clans,0,434
hearthstone,1,422
plants vs zombies,0,419
fallout 4,1,392
dark souls,1,386
the sims 4,0,320
starcraft,1,308
destiny 2,1,295
resident evil,1,294
clash royale,0,292
kingdom hearts,3,269
fifa 19,5,260
fifa 17,5,256
star wars battlefront,1,238
angry birds,0,234
garrys mod,0,232
fifa 16,5,227
rocket league,0,226
smite,1,222
mortal kombat,3,217
fifa 14,5,215
dragon ball xenoverse,3,213
fifa 18,5,211
five nights at freddys,0,208
fifa 15,5,207
spiderman,3,206
geometry dash,0,204
mass effect,1,203
final fantasy,3,202
warframe,1,201
terraria,0,199
call of duty black ops,1,197
counterstrike,1,196
journey,1,195
ark survival evolved,0,194
dead by daylight,1,188
super smash bros,3,186
europa universalis iv,1,181
red dead redemption 2,1,173
super smash bros ultimate,3,172
evolve,0,168
driver,0,166
battlefield 4,1,166
battlefield 1,1,159
mario party,3,157
forza horizon,1,155
watch dogs,1,152
for honor,1,151
need for speed,1,151
borderlands,1,150
mega man,3,149
gears of war,1,147
mortal kombat x,3,145
euro truck simulator 2,1,144
7 days to die,1,144
god of war,3,144
street fighter,3,144
team fortress 2,1,143
fallout,1,143
injustice 2,3,142
the legend of zelda,3,141
rimworld,1,140
super mario maker,3,140
tomb raider,3,138
inside,1,138
subway surfers,0,134
super mario bros,3,131
dragon ball fighterz,3,128
hitman,1,128
grand theft auto v,3,124
final fantasy x,1,124
sonic the hedgehog,3,123
the last of us,1,123
borderlands 2,1,122
bioshock,1,122
contra,3,119
monster hunter world,1,118
the elder scrolls v skyrim,1,117
heroes of the storm,1,116
cities skylines,0,115
thief,0,113
batman arkham knight,1,110
battlefield 3,1,110
mario kart 8,3,106
agario,0,105
splatoon 2,3,104
snake,0,101
portal,1,101
undertale,0,100
apex legends,1,99
paladins,1,98
diablo,1,98
resident evil 2,1,95
reigns,3,95
dragon quest,3,93
the witcher,1,93
subnautica,0,91
the forest,0,90
factorio,1,89
crash bandicoot,3,89
far cry 5,1,89
guild wars 2,1,88
path of exile,1,86
forza horizon 4,1,86
outlast,3,85
life is strange,3,85
the binding of isaac,1,84
dying light,3,82
bloodborne,1,81
no mans sky,1,80
final fantasy xv,3,80
trove,1,80
super mario odyssey,3,79
among us,3,78
kerbal space program,1,77
call of duty ghosts,1,76
xcom 2,5,75
metal gear solid,1,75
fire emblem heroes,3,74
the sims 3,0,74
the evil within,1,74
persona 5,3,73
street fighter v,3,72
crusader kings ii,1,72
stellaris,1,72
yugioh duel links,3,72
the witcher 3 wild hunt,1,71
left 4 dead 2,1,71
stardew valley,0,71
quake,0,70
pokémon go,3,69
castlevania,3,69
tekken 7,3,69
far cry 4,1,69
dragon age inquisition,1,68
tom clancys rainbow six siege,1,68
super mario galaxy,3,68
dishonored,1,67
paper mario,3,65
payday 2,1,64
titanfall 2,1,64
titanfall,1,63
happy wheels,0,63
littlebigplanet,0,63
dont starve,1,63
pokémon omega ruby,3,63
hello neighbor,0,62
fallout new vegas,1,62
crysis,1,62
mario kart 8 deluxe,3,62
splatoon,0,62
super mario maker 2,3,60
portal 2,1,60
detroit become human,0,60
yandere simulator,0,59
battlefield v,1,59
flower,0,58
naruto shippuden ultimate ninja storm 4,3,58
far cry 3,1,57
bully,0,57
star wars the old republic,1,56
tom clancys the division,1,56
pokémon sun,3,56
horizon zero dawn,1,56
call of duty advanced warfare,1,55
donkey kong country,3,54
red dead redemption,3,54
fallout 3,1,54
iron man,3,53
infamous,1,53
old school runescape,0,53
planetside 2,1,53
darkest dungeon,1,53
unturned,0,52
marvels spiderman,1,52
deus ex,1,52
vrchat,1,52
friday the 13th the game,1,51
the elder scrolls online,1,51
halo 4,1,51
days gone,1,51
pokémon x,3,50
super mario world,1,50
ratchet  clank,1,50
jump force,3,49
super mario 64,3,49
batman arkham origins,3,49
halo reach,1,48
sekiro shadows die twice,1,48
dead rising,1,47
the legend of zelda breath of the wild,3,47
dead island,1,47
cuphead,0,47
prototype,3,46
final fantasy vii,3,46
hearts of iron iv,5,46
the long dark,0,46
hades,1,45
devil may cry,3,45
mount  blade warband,0,45
fifa 20,5,45
halo 5 guardians,1,45
battlefield hardline,1,44
tekken,3,44
silent hill,1,43
prison architect,0,43
slay the spire,1,42
metroid,3,42
age of empires,1,42
just cause 3,1,41
sea of thieves,1,41
brawlhalla,3,41
tetris,3,41
sonic mania,3,41
bayonetta,3,41
sonic adventure,3,40
donkey kong,3,40
sleeping dogs,1,39
sonic generations,3,39
super smash bros for wii u,3,39
phoenix wright ace attorney,3,39
super mario 3d world,3,39
deadpool,3,39
until dawn,5,38
alien isolation,1,38
darksiders,3,38
lego marvel super heroes,3,38
pacman,3,38
hyrule warriors,3,37
black desert,3,37
resident evil 5,1,37
the sims,0,37
spore,1,37
halo 2,1,37
far cry,1,37
killer instinct,1,37
skate 3,0,36
batman arkham city,2,36
dont starve together,1,36
mario kart wii,1,36
rayman legends,1,36
call of duty wwii,1,35
halo 3,1,35
the binding of isaac rebirth,3,35
pikmin,3,34
sonic r,3,33
xenoblade chronicles,3,33
dark souls iii,1,33
dead space,1,32
astroneer,3,32
town of salem,0,32
naruto ultimate ninja,1,32
sonic forces,3,32
spiderman 2,1,32
mad max,1,32
gang beasts,0,31
star wars battlefront ii,3,31
minit,1,31
yokai watch,0,31
star fox,3,31
totally accurate battle simulator,0,31
crash team racing,1,31
animal crossing,3,31
la noire,1,31
south park the fractured but whole,0,31
starbound,0,30
call of duty infinite warfare,1,30
halflife 2,1,29
dragon age origins,1,29
devil may cry 5,3,29
need for speed most wanted,1,29
far cry primal,1,29
lego star wars the force awakens,0,29
super mario sunshine,3,29
super mario party,1,28
fire emblem three houses,3,28
manhunt,1,28
call of duty modern warfare,1,28
metroid prime,3,28
sable,1,28
metro exodus,1,28
beyond two souls,1,27
naruto ultimate ninja storm,3,27
marvel vs capcom infinite,3,27
the darkness,3,27
mega man x,3,27
golf with your friends,0,27
lego city undercover,0,26
dead space 3,1,26
lego batman 3 beyond gotham,3,26
guitar hero,1,26
spelunky,3,26
goat simulator,0,26
vampyr,1,26
slitherio,0,25
pillars of eternity,1,25
resident evil 7 biohazard,2,25
quantum break,1,25
uncharted 4 a thiefs end,1,25
rage 2,1,25
xenoblade chronicles 2,3,25
medal of honor,1,24
enter the gungeon,3,24
wolfenstein the new order,3,24
metal gear solid v the phantom pain,1,24
kingdom come deliverance,1,24
ape escape,1,24
street fighter ii,3,24
max payne,3,24
hollow knight,1,24
nier automata,3,23
yakuza kiwami,0,23
left 4 dead,3,23
grand theft auto iv,3,23
the sims 2,0,23
infamous second son,1,23
wii play,1,23
tales of xillia,3,23
persona 4,3,23
homefront,1,22
ultimate marvel vs capcom 3,3,22
lego jurassic world,1,22
beat saber,0,22
trials fusion,1,22
naruto shippuden ultimate ninja storm 3,3,22
marvel ultimate alliance,3,21
final fantasy ix,1,21
just cause 4,0,21
rollercoaster tycoon,0,21
a way out,1,21
mirrors edge,3,21
pokémon black,3,21
halo wars,1,21
metal slug,0,21
slime rancher,0,21
marvels avengers,0,21
uncharted the lost legacy,3,20
shovel knight,3,20
alan wake,3,20
middleearth shadow of mordor,0,20
persona 3 fes,3,20
little nightmares,0,20
the escapists,0,20
magicka,1,20
gears 5,1,20
the elder scrolls iv oblivion,1,19
hotline miami,0,19
heavy rain,1,19
the order 1886,1,19
assassins creed ii,3,19
metal gear,3,19
uncharted 3 drakes deception,3,19
mario tennis,3,19
sonic heroes,3,19
deus ex human revolution,1,19
dauntless,1,19
gran turismo 4,3,19
shadow warrior,1,19
earthbound,3,19
limbo,1,18
yookalaylee,1,18
mario  rabbids kingdom battle,3,18
cry of fear,1,18
pubg battlegrounds,1,18
luigis mansion,3,18
halflife,1,18
catherine,3,18
a plague tale innocence,3,18
metro last light,1,18
fire emblem awakening,1,18
monster hunter 4 ultimate,1,18
super meat boy,1,18
animal crossing new leaf,3,17
yoshis woolly world,3,17
super smash bros brawl,1,17
shadow of the colossus,3,17
amnesia the dark descent,3,17
batman arkham asylum,3,17
chrono trigger,3,17
call of duty 2,1,17
the incredibles,0,17
naruto shippuden ultimate ninja storm revolution,1,17
the last guardian,3,17
digimon world,3,17
tom clancys ghost recon wildlands,3,17
this war of mine,0,17
fatal frame,1,17
mario  luigi superstar saga,3,17
human fall flat,0,17
huniepop,1,16
demons souls,3,16
cyberpunk 2077,3,16
secret of mana,3,16
tales of berseria,3,16
ninja gaiden,1,16
shin megami tensei,3,16
hellblade senuas sacrifice,1,16
octopath traveler,3,16
prince of persia,1,16
dead rising 2,1,16
ori and the blind forest,1,15
dead space 2,3,15
fire emblem warriors,1,15
steep,1,15
kirby star allies,3,15
danganronpa 2 goodbye despair,3,15
the legend of zelda twilight princess,0,15
pokémon ultra sun,3,15
game dev tycoon,1,15
ryse son of rome,3,15
grand theft auto iii,3,15
clicker heroes,1,14
counterstrike global offensive,1,14
the walking dead the final season,0,14
danganronpa v3 killing harmony,5,14
skylanders giants,3,14
sniper elite v2,0,14
final fight,3,14
code vein,1,14
pokémon heartgold,3,14
duke nukem forever,1,14
pokémon colosseum,3,14
danganronpa trigger happy havoc,3,14
frostpunk,1,13
battlefield bad company 2,1,13
middleearth shadow of war,1,13
doki doki literature club,3,13
the legend of zelda ocarina of time,3,13
layers of fear,0,13
soulcalibur,1,13
monster hunter 3 ultimate,1,13
saints row iv,1,13
wolfenstein ii the new colossus,0,13
death stranding,1,13
the legend of zelda majoras mask,3,13
saints row the third,1,13
golden sun,1,13
sonic unleashed,3,13
tales of vesperia definitive edition,3,13
club penguin,0,13
killing floor,1,12
bloons td 6,0,12
ultimate custom night,0,12
super mario run,0,12
super smash bros melee,3,12
celeste,3,12
to the moon,0,12
house flipper,0,12
a hat in time,1,12
forager,1,12
child of light,1,12
castle crashers,1,12
batman the enemy within,3,12
skullgirls,1,12
ultimate chicken horse,2,12
fear 3,0,11
daxter,3,11
mario kart double dash,1,11
black mesa,1,11
pokémon y,3,11
final fantasy iv,1,11
shenmue,5,11
bulletstorm,1,11
pokkén tournament,3,11
dragons dogma dark arisen,1,11
scribblenauts unlimited,0,11
bloodstained ritual of the night,1,11
crackdown,1,11
soulcalibur vi,1,11
conkers bad fur day,3,11
remnant from the ashes,3,11
payday the heist,1,11
digimon story cyber sleuth,1,11
super paper mario,3,11
mario bros,0,11
the wonderful 101,4,11
the legend of zelda the wind waker,3,11
fzero,3,10
call of duty 4 modern warfare,1,10
mother 3,3,10
tomodachi life,0,10
just cause 2,1,10
astral chain,1,10
psychonauts,1,10
pokémon red,3,10
no more heroes,1,10
star wars the force unleashed,3,10
dead cells,1,10
naruto shippuden ultimate ninja storm 2,3,10
octodad dadliest catch,3,10
firewatch,0,10
batman the telltale series,3,10
spec ops the line,1,10
battlefield bad company,1,10
stray,1,10
dragon age ii,3,10
pokémon trading card game,3,10
banjokazooie,3,10
fategrand order,3,9
wii sports,1,9
battleblock theater,0,9
medievil,3,9
the walking dead a new frontier,1,9
super mario rpg legend of the seven stars,3,9
fire emblem echoes shadows of valentia,3,9
stalker shadow of chernobyl,1,9
shadow the hedgehog,3,9
dr mario,3,9
halo infinite,1,9
metro 2033,3,9
persona 3 portable,3,9
brothers a tale of two sons,1,9
donkey kong 64,3,9
dragons dogma,1,9
halo combat evolved,1,9
wii party,0,9
saints row 2,1,9
sonic colors,3,9
gravity rush,1,9
mario  luigi dream team,1,9
streets of rage,1,8
zone of the enders,4,8
the walking dead michonne,0,8
wii fit,3,8
need for speed carbon,1,8
sniper elite iii,5,8
pokémon moon,3,8
teamfight tactics,5,8
deltarune,0,8
spongebob squarepants battle for bikini bottom,3,8
fatestay night,3,8
the room,3,8
lego star wars the complete saga,1,8
warcraft iii reign of chaos,3,8
duck game,3,8
danganronpa another episode ultra despair girls,4,8
alice madness returns,3,8
tekken 6,3,8
scribblenauts,0,8
sonic adventure 2 battle,1,8
moonlighter,3,8
monster hunter generations ultimate,1,7
ace combat 7 skies unknown,1,7
plague inc,3,7
flappy bird,0,7
punchout,3,7
fallout shelter,1,7
gravity rush remastered,1,7
pokémon super mystery dungeon,1,7
transformice,0,7
deadly premonition,1,7
mario  sonic at the london 2012 olympic games,3,7
uncharted 2 among thieves,1,7
final fantasy vi,1,7
night in the woods,3,7
duck hunt,3,7
need for speed underground 2,1,7
call of duty world at war,3,7
god hand,0,7
pokémon firered,0,7
battletoads,1,7
halo the master chief collection,5,7
the stanley parable,0,7
harry potter and the chamber of secrets,1,7
tekken tag tournament 2,3,7
superhot,0,7
broken age,1,6
risk of rain 2,1,6
fire emblem fates conquest,3,6
tabletop simulator,1,6
condemned criminal origins,1,6
katawa shoujo,1,6
super metroid,3,6
pokémon yellow,3,6
diddy kong racing,3,6
blazblue cross tag battle,1,6
mario kart 64,3,6
ruiner,1,6
kirby planet robobot,3,6
titan souls,3,5
spyro year of the dragon,3,5
return of the obra dinn,3,5
jojos bizarre adventure eyes of heaven,1,5
gone home,3,5
mario party 8,5,5
resident evil 3,1,5
super mario land,3,5
burnout paradise,1,5
peggle,3,5
asuras wrath,1,5
grow home,0,5
surgeon simulator 2013,1,5
ace attorney investigations miles edgeworth,3,5
fire emblem the sacred stones,3,5
getting over it with bennett foddy,1,5
star wars republic commando,1,5
dragon ball z budokai 3,3,5
chrono cross,3,5
pokémon ruby,3,5
mario  luigi paper jam,3,5
outer wilds,0,5
sid meiers civilization v,1,5
pokémon ranger,3,5
hatoful boyfriend,1,5
slender the arrival,3,5
dragon ball z kakarot,3,5
pokémon crystal,1,5
sly 3 honor among thieves,3,5
naruto shippuden ultimate ninja storm generations,1,5
fire emblem fates birthright,3,5
what remains of edith finch,1,5
sly cooper thieves in time,3,5
sly cooper and the thievius raccoonus,1,5
pokémon rumble,3,5
kirbys dream land,3,4
need for speed undercover,5,4
stick fight the game,1,4
parasite eve,4,4
freddy fazbears pizzeria simulator,3,4
overcooked 2,2,4
doom 64,1,4
crash mind over mutant,3,4
doom eternal,1,4
super smash flash,0,4
bloons td 5,0,4
mike tysons punchout,0,4
the outer worlds,1,4
mario  sonic at the olympic games,3,4
florence,0,4
thomas was alone,0,4
akinator,0,4
super mario kart,3,4
mini metro,0,4
pokémon sword,1,4
super princess peach,3,4
drakengard,3,4
pokémon mystery dungeon explorers of sky,3,4
beyond good  evil,1,4
persona 2 innocent sin,3,4
monster prom,1,4
rhythm heaven,1,4
the ultimate doom,0,3
warioware smooth moves,0,3
outrun,1,3
pokémon alpha sapphire,0,3
fire emblem fates revelation,3,3
dig dug,1,3
mad father,1,3
mario super sluggers,1,3
metroid zero mission,1,3
sly 2 band of thieves,3,3
nintendo land,3,3
kirbys dream course,3,3
the darkness ii,0,3
the dark pictures anthology man of medan,1,3
steinsgate,1,3
little inferno,3,3
pokémon diamond,3,3
pokémon snap,3,3
axiom verge,3,3
star wars jedi fallen order,1,2
shantae halfgenie hero,0,2
postal 2,0,2
yakuza 6 the song of life,3,2
pokémon sapphire,3,2
ghosts n goblins,1,2
toy story 2 buzz lightyear to the rescue,3,2
nidhogg,1,2
mario paint,3,2
blasphemous,1,2
mario golf toadstool tour,3,2
binary domain,3,2
katamari damacy,1,2
ecco the dolphin,3,2
iconoclasts,1,2
pokémon battle revolution,3,2
we were here,1,2
ghost of tsushima,1,2
yoshis story,3,2
yugioh forbidden memories,0,2
tony hawks american wasteland,1,1
super ghouls n ghosts,3,1
muse dash,3,1
poképark 2 wonders beyond,0,1
turok dinosaur hunter,1,1
we love katamari,3,1
bittrip runner,1,1
kirby nightmare in dream land,3,1
xenoblade chronicles definitive edition,3,1
yume nikki,1,1
digimon rumble arena,3,1
devil daggers,1,1
grim fandango remastered,1,1
kid icarus,3,1
steamworld dig,0,1
tricky towers,0,1
altered beast,1,1
ultrakill,1,1
